Link Name,Center of Mass X,Center of Mass Y,Center of Mass Z,Center of Mass Roll,Center of Mass Pitch,Center of Mass Yaw,Mass,Moment Ixx,Moment Ixy,Moment Ixz,Moment Iyy,Moment Iyz,Moment Izz,Visual X,Visual Y,Visual Z,Visual Roll,Visual Pitch,Visual Yaw,Mesh Filename,Color Red,Color Green,Color Blue,Color Alpha,Collision X,Collision Y,Collision Z,Collision Roll,Collision Pitch,Collision Yaw,Collision Mesh Filename,Material Name,SW Components,Coordinate System,Axis Name,Joint Name,Joint Type,Joint Origin X,Joint Origin Y,Joint Origin Z,Joint Origin Roll,Joint Origin Pitch,Joint Origin Yaw,Parent,Joint Axis X,Joint Axis Y,Joint Axis Z,Limit Effort,Limit Velocity,Limit Lower,Limit Upper,Calibration rising,Calibration falling,Dynamics Damping,Dynamics Friction,Safety Soft Upper,Safety Soft Lower,Safety K Position,Safety K Velocity
base_link,0.0115440947145061,-0.00828799222620595,-5.37545398950435E-06,0,0,0,0.938486142339472,0.00309240007327842,2.97379253412781E-06,-1.528982333861E-11,0.00595989983755998,8.56556717265134E-13,0.00300271918121606,0,0,0,0,0,0,package://ROS_01.SLDASM/meshes/base_link.STL,0.792156862745098,0.819607843137255,0.933333333333333,1,0,0,0,0,0,0,package://ROS_01.SLDASM/meshes/base_link.STL,,42x40步进电机-4;电机架-4;42x40步进电机-2;电机架-2;M4X37双通铜柱-1;M3X20双通铜柱-4;M3X20双通铜柱-3;雷达连接板-1;M3X20双通铜柱-1;M3X20双通铜柱-2;Radar_L-1;底盘_全向轮_01-1;42x40步进电机-3;电机架-3;电机架-1;42x40步进电机-1,Origin_global,,,,0,0,0,0,0,0,,0,0,0,,,,,,,,,,,,
Link_Wheel_2,-3.32870675467944E-11,2.25818044818915E-10,0.0163474338103568,0,0,0,0.151441745712233,2.45499885671076E-05,7.95329579036121E-15,-4.98206097934334E-14,2.45499886313656E-05,1.23278727449479E-14,3.93490948647909E-05,0,0,0,0,0,0,package://ROS_01.SLDASM/meshes/Link_Wheel_2.STL,0.752941176470588,0.752941176470588,0.752941176470588,1,0,0,0,0,0,0,package://ROS_01.SLDASM/meshes/Link_Wheel_2.STL,,OMNI WHEEL-4,Origin_Joint_Wheel_22,Axis_Joint_Wheel_2,Joint_Wheel_2,continuous,-0.116152572339713,-0.115,-0.0305,1.5707963267949,0,-1.5707963267949,base_link,0,0,1,,,,,,,,,,,,
Link_Wheel_1,-3.3286956524492E-11,-2.25818017063339E-10,-0.0163474338103562,0,0,0,0.151441745712233,2.45499885671076E-05,-7.95330550477032E-15,4.98205696753817E-14,2.45499886313656E-05,1.23278796689941E-14,3.93490948647909E-05,0,0,0,0,0,0,package://ROS_01.SLDASM/meshes/Link_Wheel_1.STL,0.752941176470588,0.752941176470588,0.752941176470588,1,0,0,0,0,0,0,package://ROS_01.SLDASM/meshes/Link_Wheel_1.STL,,OMNI WHEEL-2,Origin_Joint_Wheel_12,Axis_Joint_Wheel_1,Joint_Wheel_1,continuous,0.115,-0.116152572339714,-0.0305,-1.5707963267949,0,0,base_link,0,0,1,,,,,,,,,,,,
Link_Wheel_3,-3.32868871355529E-11,-2.25818037880021E-10,-0.0163474338103561,0,0,0,0.151441745712233,2.45499885671076E-05,-7.95330198759835E-15,4.98204604702352E-14,2.45499886313656E-05,1.23278777719265E-14,3.9349094864791E-05,0,0,0,0,0,0,package://ROS_01.SLDASM/meshes/Link_Wheel_3.STL,0.752941176470588,0.752941176470588,0.752941176470588,1,0,0,0,0,0,0,package://ROS_01.SLDASM/meshes/Link_Wheel_3.STL,,OMNI WHEEL-1,Origin_Joint_Wheel_32,Axis_Joint_Wheel_3,Joint_Wheel_3,continuous,-0.115,0.116152572339714,-0.0305,-1.5707963267949,0,3.14159265358979,base_link,0,0,1,,,,,,,,,,,,
Link_Wheel_4,-3.32871785690969E-11,-2.25818048288362E-10,-0.0163474338103574,0,0,0,0.151441745712233,2.45499885671076E-05,-7.9532977061115E-15,4.98207107438595E-14,2.45499886313656E-05,1.23278744737118E-14,3.9349094864791E-05,0,0,0,0,0,0,package://ROS_01.SLDASM/meshes/Link_Wheel_4.STL,0.752941176470588,0.752941176470588,0.752941176470588,1,0,0,0,0,0,0,package://ROS_01.SLDASM/meshes/Link_Wheel_4.STL,,OMNI WHEEL-3,Origin_Joint_Wheel_42,Axis_Joint_Wheel_4,Joint_Wheel_4,continuous,0.116152572339712,0.115,-0.0305,-1.5707963267949,0,1.5707963267949,base_link,0,0,1,,,,,,,,,,,,
